origem,destino,motivo
Pibac/culto de domingo/Culto DOm/DSC01164.png,Pibac/06_MEDIA/fotos/originais/_a-triar/2026-03-29-culto-celebracao/DSC01164.png,"export, projeto ou PNG solto — nao e foto original"
Pibac/culto de domingo/Culto DOm/DSC01310.2png.png,Pibac/06_MEDIA/fotos/originais/_a-triar/2026-03-29-culto-celebracao/DSC01310.2png.png,"export, projeto ou PNG solto — nao e foto original"
Pibac/culto de domingo/Culto DOm/DSC01310.png,Pibac/06_MEDIA/fotos/originais/_a-triar/2026-03-29-culto-celebracao/DSC01310.png,"export, projeto ou PNG solto — nao e foto original"
Pibac/culto de domingo/Culto DOm/DSC013101.png,Pibac/06_MEDIA/fotos/originais/_a-triar/2026-03-29-culto-celebracao/DSC013101.png,"export, projeto ou PNG solto — nao e foto original"
Pibac/culto de domingo/2/DSC05337.png,Pibac/06_MEDIA/fotos/originais/_a-triar/2026-06-07-culto-celebracao/DSC05337.png,"export, projeto ou PNG solto — nao e foto original"
Pibac/culto de domingo/2/DSC05385.png,Pibac/06_MEDIA/fotos/originais/_a-triar/2026-06-07-culto-celebracao/DSC05385.png,"export, projeto ou PNG solto — nao e foto original"
Pibac/culto de domingo/2/DSC05397.png,Pibac/06_MEDIA/fotos/originais/_a-triar/2026-06-07-culto-celebracao/DSC05397.png,"export, projeto ou PNG solto — nao e foto original"
Pibac/culto de domingo/2/DSC05404-Edit.png,Pibac/06_MEDIA/fotos/originais/_a-triar/2026-06-07-culto-celebracao/DSC05404-Edit.png,"export, projeto ou PNG solto — nao e foto original"
Pibac/culto de domingo/2/DSC05406.png,Pibac/06_MEDIA/fotos/originais/_a-triar/2026-06-07-culto-celebracao/DSC05406.png,"export, projeto ou PNG solto — nao e foto original"
Pibac/culto de domingo/2/DSC05417.png,Pibac/06_MEDIA/fotos/originais/_a-triar/2026-06-07-culto-celebracao/DSC05417.png,"export, projeto ou PNG solto — nao e foto original"
Pibac/culto de domingo/2/logo_refe.png,Pibac/06_MEDIA/fotos/originais/_a-triar/2026-06-07-culto-celebracao/logo_refe.png,"export, projeto ou PNG solto — nao e foto original"
Pibac/culto de domingo/3/images,Pibac/06_MEDIA/fotos/originais/_a-triar/2026-06-14-culto-celebracao/images,"export, projeto ou PNG solto — nao e foto original"
Pibac/culto de domingo/5/DSC06324.png,Pibac/06_MEDIA/fotos/originais/_a-triar/2026-07-05-culto-celebracao/DSC06324.png,"export, projeto ou PNG solto — nao e foto original"
Pibac/culto de domingo/5/Sem Título-1.png,Pibac/06_MEDIA/fotos/originais/_a-triar/2026-07-05-culto-celebracao/Sem Título-1.png,"export, projeto ou PNG solto — nao e foto original"
Pibac/culto de domingo/5/asxAX.png,Pibac/06_MEDIA/fotos/originais/_a-triar/2026-07-05-culto-celebracao/asxAX.png,"export, projeto ou PNG solto — nao e foto original"
Pibac/culto de domingo/5/saasx.png,Pibac/06_MEDIA/fotos/originais/_a-triar/2026-07-05-culto-celebracao/saasx.png,"export, projeto ou PNG solto — nao e foto original"
Pibac/culto de domingo/5/sasdasd.png,Pibac/06_MEDIA/fotos/originais/_a-triar/2026-07-05-culto-celebracao/sasdasd.png,"export, projeto ou PNG solto — nao e foto original"
Pibac/culto de domingo/5/sdcsd.png,Pibac/06_MEDIA/fotos/originais/_a-triar/2026-07-05-culto-celebracao/sdcsd.png,"export, projeto ou PNG solto — nao e foto original"
Pibac/culto de domingo/6/Sem Título-1.png,Pibac/06_MEDIA/fotos/originais/_a-triar/2026-07-12-culto-celebracao/Sem Título-1.png,"export, projeto ou PNG solto — nao e foto original"
Pibac/culto de domingo/6/Sem Título-10.png,Pibac/06_MEDIA/fotos/originais/_a-triar/2026-07-12-culto-celebracao/Sem Título-10.png,"export, projeto ou PNG solto — nao e foto original"
Pibac/culto de domingo/6/Sem Título-2.png,Pibac/06_MEDIA/fotos/originais/_a-triar/2026-07-12-culto-celebracao/Sem Título-2.png,"export, projeto ou PNG solto — nao e foto original"
Pibac/culto de domingo/6/Sem Título-3.png,Pibac/06_MEDIA/fotos/originais/_a-triar/2026-07-12-culto-celebracao/Sem Título-3.png,"export, projeto ou PNG solto — nao e foto original"
Pibac/culto de domingo/6/Sem Título-4.png,Pibac/06_MEDIA/fotos/originais/_a-triar/2026-07-12-culto-celebracao/Sem Título-4.png,"export, projeto ou PNG solto — nao e foto original"
Pibac/culto de domingo/6/Sem Título-7.png,Pibac/06_MEDIA/fotos/originais/_a-triar/2026-07-12-culto-celebracao/Sem Título-7.png,"export, projeto ou PNG solto — nao e foto original"
Pibac/culto de domingo/6/Sem Título-78png.png,Pibac/06_MEDIA/fotos/originais/_a-triar/2026-07-12-culto-celebracao/Sem Título-78png.png,"export, projeto ou PNG solto — nao e foto original"
Pibac/culto de domingo/6/Sem Título-9.png,Pibac/06_MEDIA/fotos/originais/_a-triar/2026-07-12-culto-celebracao/Sem Título-9.png,"export, projeto ou PNG solto — nao e foto original"
Pibac/culto de domingo/7/Sem Título-1.png,Pibac/06_MEDIA/fotos/originais/_a-triar/2026-07-19-culto-celebracao/Sem Título-1.png,"export, projeto ou PNG solto — nao e foto original"
Pibac/culto de domingo/7/Sem Título-2.png,Pibac/06_MEDIA/fotos/originais/_a-triar/2026-07-19-culto-celebracao/Sem Título-2.png,"export, projeto ou PNG solto — nao e foto original"
Pibac/culto de domingo/7/Sem Título-3.png,Pibac/06_MEDIA/fotos/originais/_a-triar/2026-07-19-culto-celebracao/Sem Título-3.png,"export, projeto ou PNG solto — nao e foto original"
Pibac/culto de domingo/7/Sem Título-4.png,Pibac/06_MEDIA/fotos/originais/_a-triar/2026-07-19-culto-celebracao/Sem Título-4.png,"export, projeto ou PNG solto — nao e foto original"
Pibac/culto de domingo/8/Camada 1.png,Pibac/06_MEDIA/fotos/originais/_a-triar/2026-07-26-culto-celebracao/Camada 1.png,"export, projeto ou PNG solto — nao e foto original"
Pibac/culto de domingo/8/Camada 2.png,Pibac/06_MEDIA/fotos/originais/_a-triar/2026-07-26-culto-celebracao/Camada 2.png,"export, projeto ou PNG solto — nao e foto original"
Pibac/culto de domingo/8/Camada 3.png,Pibac/06_MEDIA/fotos/originais/_a-triar/2026-07-26-culto-celebracao/Camada 3.png,"export, projeto ou PNG solto — nao e foto original"
Pibac/culto de domingo/8/Camada 4.png,Pibac/06_MEDIA/fotos/originais/_a-triar/2026-07-26-culto-celebracao/Camada 4.png,"export, projeto ou PNG solto — nao e foto original"
Pibac/culto de domingo/8/Camada 5.png,Pibac/06_MEDIA/fotos/originais/_a-triar/2026-07-26-culto-celebracao/Camada 5.png,"export, projeto ou PNG solto — nao e foto original"
Pibac/culto de domingo/8/Camada 6.png,Pibac/06_MEDIA/fotos/originais/_a-triar/2026-07-26-culto-celebracao/Camada 6.png,"export, projeto ou PNG solto — nao e foto original"
Pibac/culto de domingo/8/embaixada.png,Pibac/06_MEDIA/fotos/originais/_a-triar/2026-07-26-culto-celebracao/embaixada.png,"export, projeto ou PNG solto — nao e foto original"
Pibac/culto de domingo/8/images,Pibac/06_MEDIA/fotos/originais/_a-triar/2026-07-26-culto-celebracao/images,"export, projeto ou PNG solto — nao e foto original"
Pibac/culto de domingo/10/images,Pibac/06_MEDIA/fotos/originais/_a-triar/2026-08-09-ebd/images,"export, projeto ou PNG solto — nao e foto original"
Pibac/casa viver/Photo Slideshow_Jovens1.aep,Pibac/06_MEDIA/fotos/originais/_a-triar/2026-08-22-casa-viver/Photo Slideshow_Jovens1.aep,"export, projeto ou PNG solto — nao e foto original"
Pibac/casa viver/Photo Slideshow_Jovens1.aep_AME,Pibac/06_MEDIA/fotos/originais/_a-triar/2026-08-22-casa-viver/Photo Slideshow_Jovens1.aep_AME,"export, projeto ou PNG solto — nao e foto original"
Pibac/casa viver/post,Pibac/06_MEDIA/fotos/originais/_a-triar/2026-08-22-casa-viver/post,"export, projeto ou PNG solto — nao e foto original"
Pibac/culto de domingo/13/Prancheta 1.png,Pibac/06_MEDIA/fotos/originais/_a-triar/2026-08-30-culto-celebracao/Prancheta 1.png,"export, projeto ou PNG solto — nao e foto original"
Pibac/culto de domingo/13/Prancheta 2.png,Pibac/06_MEDIA/fotos/originais/_a-triar/2026-08-30-culto-celebracao/Prancheta 2.png,"export, projeto ou PNG solto — nao e foto original"
Pibac/culto de domingo/13/Prancheta 3.png,Pibac/06_MEDIA/fotos/originais/_a-triar/2026-08-30-culto-celebracao/Prancheta 3.png,"export, projeto ou PNG solto — nao e foto original"
Pibac/culto de domingo/13/Sem Título-1.png,Pibac/06_MEDIA/fotos/originais/_a-triar/2026-08-30-culto-celebracao/Sem Título-1.png,"export, projeto ou PNG solto — nao e foto original"
Pibac/culto de domingo/13/Sem Título-2.png,Pibac/06_MEDIA/fotos/originais/_a-triar/2026-08-30-culto-celebracao/Sem Título-2.png,"export, projeto ou PNG solto — nao e foto original"
Pibac/culto de domingo/13/Sem Título-3.png,Pibac/06_MEDIA/fotos/originais/_a-triar/2026-08-30-culto-celebracao/Sem Título-3.png,"export, projeto ou PNG solto — nao e foto original"
Pibac/culto de domingo/13/Sem Título-4.png,Pibac/06_MEDIA/fotos/originais/_a-triar/2026-08-30-culto-celebracao/Sem Título-4.png,"export, projeto ou PNG solto — nao e foto original"
Pibac/culto de domingo/13/Sem Título-5.png,Pibac/06_MEDIA/fotos/originais/_a-triar/2026-08-30-culto-celebracao/Sem Título-5.png,"export, projeto ou PNG solto — nao e foto original"
Pibac/culto de domingo/13/Sem Título-6.png,Pibac/06_MEDIA/fotos/originais/_a-triar/2026-08-30-culto-celebracao/Sem Título-6.png,"export, projeto ou PNG solto — nao e foto original"
Pibac/culto de domingo/13/Sem Título-7.png,Pibac/06_MEDIA/fotos/originais/_a-triar/2026-08-30-culto-celebracao/Sem Título-7.png,"export, projeto ou PNG solto — nao e foto original"
Pibac/culto de domingo/Culto DOm,Pibac/06_MEDIA/fotos/originais/2026-03-29-culto-celebracao,sessao renomeada pela data de captura
Pibac/culto de domingo/2,Pibac/06_MEDIA/fotos/originais/2026-06-07-culto-celebracao,sessao renomeada pela data de captura
Pibac/culto de domingo/3,Pibac/06_MEDIA/fotos/originais/2026-06-14-culto-celebracao,sessao renomeada pela data de captura
Pibac/culto de domingo/4,Pibac/06_MEDIA/fotos/originais/2026-06-21-culto-celebracao,sessao renomeada pela data de captura
Pibac/culto de domingo/5,Pibac/06_MEDIA/fotos/originais/2026-07-05-culto-celebracao,sessao renomeada pela data de captura
Pibac/culto de domingo/Casados para sempre,Pibac/06_MEDIA/fotos/originais/2026-07-05-casados-para-sempre,sessao renomeada pela data de captura
Pibac/culto de domingo/6,Pibac/06_MEDIA/fotos/originais/2026-07-12-culto-celebracao,sessao renomeada pela data de captura
Pibac/culto de domingo/7,Pibac/06_MEDIA/fotos/originais/2026-07-19-culto-celebracao,sessao renomeada pela data de captura
Pibac/culto de domingo/8,Pibac/06_MEDIA/fotos/originais/2026-07-26-culto-celebracao,sessao renomeada pela data de captura
Pibac/culto de domingo/9,Pibac/06_MEDIA/fotos/originais/2026-08-02-culto-celebracao,sessao renomeada pela data de captura
Pibac/culto de domingo/10,Pibac/06_MEDIA/fotos/originais/2026-08-09-ebd,sessao renomeada pela data de captura
Pibac/casa viver,Pibac/06_MEDIA/fotos/originais/2026-08-22-casa-viver,sessao renomeada pela data de captura
Pibac/culto de domingo/12,Pibac/06_MEDIA/fotos/originais/2026-08-23-culto-celebracao,sessao renomeada pela data de captura
Pibac/culto de domingo/13,Pibac/06_MEDIA/fotos/originais/2026-08-30-culto-celebracao,sessao renomeada pela data de captura
Pibac/culto de domingo/14,Pibac/06_MEDIA/fotos/originais/2026-09-06-culto-celebracao,sessao renomeada pela data de captura
Pibac/culto de domingo/15,Pibac/06_MEDIA/fotos/originais/2026-09-13-culto-celebracao,sessao renomeada pela data de captura
Pibac/culto de domingo/11/AKZ04502.jpg,Pibac/06_MEDIA/fotos/originais/2026-08-09-culto-celebracao/AKZ04502.jpg,separado da pasta 11 pela data 2026-08-09
Pibac/culto de domingo/11/AKZ07637.jpg,Pibac/06_MEDIA/fotos/originais/2026-08-15-a-confirmar/AKZ07637.jpg,separado da pasta 11 pela data 2026-08-15
Pibac/culto de domingo/11/AKZ07639.jpg,Pibac/06_MEDIA/fotos/originais/2026-08-15-a-confirmar/AKZ07639.jpg,separado da pasta 11 pela data 2026-08-15
Pibac/culto de domingo/11/AKZ07640.jpg,Pibac/06_MEDIA/fotos/originais/2026-08-15-a-confirmar/AKZ07640.jpg,separado da pasta 11 pela data 2026-08-15
Pibac/culto de domingo/11/AKZ07641.jpg,Pibac/06_MEDIA/fotos/originais/2026-08-15-a-confirmar/AKZ07641.jpg,separado da pasta 11 pela data 2026-08-15
Pibac/culto de domingo/11/AKZ07642.jpg,Pibac/06_MEDIA/fotos/originais/2026-08-15-a-confirmar/AKZ07642.jpg,separado da pasta 11 pela data 2026-08-15
Pibac/culto de domingo/11/AKZ07643.jpg,Pibac/06_MEDIA/fotos/originais/2026-08-15-a-confirmar/AKZ07643.jpg,separado da pasta 11 pela data 2026-08-15
Pibac/culto de domingo/11/AKZ07645.jpg,Pibac/06_MEDIA/fotos/originais/2026-08-15-a-confirmar/AKZ07645.jpg,separado da pasta 11 pela data 2026-08-15
Pibac/culto de domingo/11/AKZ07646.jpg,Pibac/06_MEDIA/fotos/originais/2026-08-15-a-confirmar/AKZ07646.jpg,separado da pasta 11 pela data 2026-08-15
Pibac/culto de domingo/11/AKZ07648.jpg,Pibac/06_MEDIA/fotos/originais/2026-08-15-a-confirmar/AKZ07648.jpg,separado da pasta 11 pela data 2026-08-15
Pibac/culto de domingo/11/AKZ07649.jpg,Pibac/06_MEDIA/fotos/originais/2026-08-15-a-confirmar/AKZ07649.jpg,separado da pasta 11 pela data 2026-08-15
Pibac/culto de domingo/11/AKZ07650.jpg,Pibac/06_MEDIA/fotos/originais/2026-08-15-a-confirmar/AKZ07650.jpg,separado da pasta 11 pela data 2026-08-15
Pibac/culto de domingo/11/AKZ07651.jpg,Pibac/06_MEDIA/fotos/originais/2026-08-15-a-confirmar/AKZ07651.jpg,separado da pasta 11 pela data 2026-08-15
Pibac/culto de domingo/11/AKZ07652.jpg,Pibac/06_MEDIA/fotos/originais/2026-08-15-a-confirmar/AKZ07652.jpg,separado da pasta 11 pela data 2026-08-15
Pibac/culto de domingo/11/AKZ07653.jpg,Pibac/06_MEDIA/fotos/originais/2026-08-15-a-confirmar/AKZ07653.jpg,separado da pasta 11 pela data 2026-08-15
Pibac/culto de domingo/11/AKZ07654.jpg,Pibac/06_MEDIA/fotos/originais/2026-08-15-a-confirmar/AKZ07654.jpg,separado da pasta 11 pela data 2026-08-15
Pibac/culto de domingo/11/AKZ07657.jpg,Pibac/06_MEDIA/fotos/originais/2026-08-15-a-confirmar/AKZ07657.jpg,separado da pasta 11 pela data 2026-08-15
Pibac/culto de domingo/11/AKZ07658.jpg,Pibac/06_MEDIA/fotos/originais/2026-08-15-a-confirmar/AKZ07658.jpg,separado da pasta 11 pela data 2026-08-15
Pibac/culto de domingo/11/AKZ07659.jpg,Pibac/06_MEDIA/fotos/originais/2026-08-15-a-confirmar/AKZ07659.jpg,separado da pasta 11 pela data 2026-08-15
Pibac/culto de domingo/11/AKZ07661.jpg,Pibac/06_MEDIA/fotos/originais/2026-08-15-a-confirmar/AKZ07661.jpg,separado da pasta 11 pela data 2026-08-15
Pibac/culto de domingo/11/AKZ07665.jpg,Pibac/06_MEDIA/fotos/originais/2026-08-15-a-confirmar/AKZ07665.jpg,separado da pasta 11 pela data 2026-08-15
Pibac/culto de domingo/11/AKZ07666.jpg,Pibac/06_MEDIA/fotos/originais/2026-08-15-a-confirmar/AKZ07666.jpg,separado da pasta 11 pela data 2026-08-15
Pibac/culto de domingo/11/AKZ07667.jpg,Pibac/06_MEDIA/fotos/originais/2026-08-15-a-confirmar/AKZ07667.jpg,separado da pasta 11 pela data 2026-08-15
Pibac/culto de domingo/11/AKZ07668.jpg,Pibac/06_MEDIA/fotos/originais/2026-08-15-a-confirmar/AKZ07668.jpg,separado da pasta 11 pela data 2026-08-15
Pibac/culto de domingo/11/AKZ07671.jpg,Pibac/06_MEDIA/fotos/originais/2026-08-15-a-confirmar/AKZ07671.jpg,separado da pasta 11 pela data 2026-08-15
Pibac/culto de domingo/11/AKZ07674.jpg,Pibac/06_MEDIA/fotos/originais/2026-08-16-culto-celebracao/AKZ07674.jpg,separado da pasta 11 pela data 2026-08-16
Pibac/culto de domingo/11/AKZ07682.jpg,Pibac/06_MEDIA/fotos/originais/2026-08-16-culto-celebracao/AKZ07682.jpg,separado da pasta 11 pela data 2026-08-16
Pibac/culto de domingo/11/AKZ07683.jpg,Pibac/06_MEDIA/fotos/originais/2026-08-16-culto-celebracao/AKZ07683.jpg,separado da pasta 11 pela data 2026-08-16
Pibac/culto de domingo/11/AKZ07684.jpg,Pibac/06_MEDIA/fotos/originais/2026-08-16-culto-celebracao/AKZ07684.jpg,separado da pasta 11 pela data 2026-08-16
Pibac/culto de domingo/11/AKZ07685.jpg,Pibac/06_MEDIA/fotos/originais/2026-08-16-culto-celebracao/AKZ07685.jpg,separado da pasta 11 pela data 2026-08-16
Pibac/culto de domingo/11/AKZ07686.jpg,Pibac/06_MEDIA/fotos/originais/2026-08-16-culto-celebracao/AKZ07686.jpg,separado da pasta 11 pela data 2026-08-16
Pibac/culto de domingo/11/AKZ07688.jpg,Pibac/06_MEDIA/fotos/originais/2026-08-16-culto-celebracao/AKZ07688.jpg,separado da pasta 11 pela data 2026-08-16
Pibac/culto de domingo/11/AKZ07690.jpg,Pibac/06_MEDIA/fotos/originais/2026-08-16-culto-celebracao/AKZ07690.jpg,separado da pasta 11 pela data 2026-08-16
Pibac/culto de domingo/11/AKZ07691.jpg,Pibac/06_MEDIA/fotos/originais/2026-08-16-culto-celebracao/AKZ07691.jpg,separado da pasta 11 pela data 2026-08-16
Pibac/culto de domingo/11/AKZ07692.jpg,Pibac/06_MEDIA/fotos/originais/2026-08-16-culto-celebracao/AKZ07692.jpg,separado da pasta 11 pela data 2026-08-16
Pibac/culto de domingo/11/AKZ07693.jpg,Pibac/06_MEDIA/fotos/originais/2026-08-16-culto-celebracao/AKZ07693.jpg,separado da pasta 11 pela data 2026-08-16
Pibac/culto de domingo/11/AKZ07697.jpg,Pibac/06_MEDIA/fotos/originais/2026-08-16-culto-celebracao/AKZ07697.jpg,separado da pasta 11 pela data 2026-08-16
Pibac/culto de domingo/11/AKZ07698.jpg,Pibac/06_MEDIA/fotos/originais/2026-08-16-culto-celebracao/AKZ07698.jpg,separado da pasta 11 pela data 2026-08-16
Pibac/culto de domingo/11/AKZ07700.jpg,Pibac/06_MEDIA/fotos/originais/2026-08-16-culto-celebracao/AKZ07700.jpg,separado da pasta 11 pela data 2026-08-16
Pibac/culto de domingo/11/AKZ07701.jpg,Pibac/06_MEDIA/fotos/originais/2026-08-16-culto-celebracao/AKZ07701.jpg,separado da pasta 11 pela data 2026-08-16
Pibac/culto de domingo/11/AKZ07704.jpg,Pibac/06_MEDIA/fotos/originais/2026-08-16-culto-celebracao/AKZ07704.jpg,separado da pasta 11 pela data 2026-08-16
Pibac/culto de domingo/11/AKZ07705.jpg,Pibac/06_MEDIA/fotos/originais/2026-08-16-culto-celebracao/AKZ07705.jpg,separado da pasta 11 pela data 2026-08-16
Pibac/culto de domingo/11/AKZ07706.jpg,Pibac/06_MEDIA/fotos/originais/2026-08-16-culto-celebracao/AKZ07706.jpg,separado da pasta 11 pela data 2026-08-16
Pibac/culto de domingo/11/AKZ07709.jpg,Pibac/06_MEDIA/fotos/originais/2026-08-16-culto-celebracao/AKZ07709.jpg,separado da pasta 11 pela data 2026-08-16
Pibac/culto de domingo/11/AKZ07713.jpg,Pibac/06_MEDIA/fotos/originais/2026-08-16-culto-celebracao/AKZ07713.jpg,separado da pasta 11 pela data 2026-08-16
Pibac/culto de domingo/11/AKZ07715.jpg,Pibac/06_MEDIA/fotos/originais/2026-08-16-culto-celebracao/AKZ07715.jpg,separado da pasta 11 pela data 2026-08-16
Pibac/culto de domingo/11/AKZ07716.jpg,Pibac/06_MEDIA/fotos/originais/2026-08-16-culto-celebracao/AKZ07716.jpg,separado da pasta 11 pela data 2026-08-16
Pibac/culto de domingo/11/AKZ07717.jpg,Pibac/06_MEDIA/fotos/originais/2026-08-16-culto-celebracao/AKZ07717.jpg,separado da pasta 11 pela data 2026-08-16
Pibac/culto de domingo/11/AKZ07718.jpg,Pibac/06_MEDIA/fotos/originais/2026-08-16-culto-celebracao/AKZ07718.jpg,separado da pasta 11 pela data 2026-08-16
Pibac/culto de domingo/11/AKZ07720.jpg,Pibac/06_MEDIA/fotos/originais/2026-08-16-culto-celebracao/AKZ07720.jpg,separado da pasta 11 pela data 2026-08-16
Pibac/culto de domingo/11/AKZ07721.jpg,Pibac/06_MEDIA/fotos/originais/2026-08-16-culto-celebracao/AKZ07721.jpg,separado da pasta 11 pela data 2026-08-16
Pibac/culto de domingo/11/AKZ07722.jpg,Pibac/06_MEDIA/fotos/originais/2026-08-16-culto-celebracao/AKZ07722.jpg,separado da pasta 11 pela data 2026-08-16
Pibac/culto de domingo/11/AKZ07725.jpg,Pibac/06_MEDIA/fotos/originais/2026-08-16-culto-celebracao/AKZ07725.jpg,separado da pasta 11 pela data 2026-08-16
Pibac/culto de domingo/11/AKZ07727.jpg,Pibac/06_MEDIA/fotos/originais/2026-08-16-culto-celebracao/AKZ07727.jpg,separado da pasta 11 pela data 2026-08-16
Pibac/culto de domingo/11/AKZ07728.jpg,Pibac/06_MEDIA/fotos/originais/2026-08-16-culto-celebracao/AKZ07728.jpg,separado da pasta 11 pela data 2026-08-16
Pibac/culto de domingo/11/AKZ07729.jpg,Pibac/06_MEDIA/fotos/originais/2026-08-16-culto-celebracao/AKZ07729.jpg,separado da pasta 11 pela data 2026-08-16
Pibac/culto de domingo/11/AKZ07732.jpg,Pibac/06_MEDIA/fotos/originais/2026-08-16-culto-celebracao/AKZ07732.jpg,separado da pasta 11 pela data 2026-08-16
Pibac/culto de domingo/11/AKZ07733.jpg,Pibac/06_MEDIA/fotos/originais/2026-08-16-culto-celebracao/AKZ07733.jpg,separado da pasta 11 pela data 2026-08-16
Pibac/culto de domingo/11/AKZ07735.jpg,Pibac/06_MEDIA/fotos/originais/2026-08-16-culto-celebracao/AKZ07735.jpg,separado da pasta 11 pela data 2026-08-16
Pibac/culto de domingo/11/AKZ07736.jpg,Pibac/06_MEDIA/fotos/originais/2026-08-16-culto-celebracao/AKZ07736.jpg,separado da pasta 11 pela data 2026-08-16
Pibac/culto de domingo/11/AKZ07737.jpg,Pibac/06_MEDIA/fotos/originais/2026-08-16-culto-celebracao/AKZ07737.jpg,separado da pasta 11 pela data 2026-08-16
Pibac/culto de domingo/11/AKZ07738.jpg,Pibac/06_MEDIA/fotos/originais/2026-08-16-culto-celebracao/AKZ07738.jpg,separado da pasta 11 pela data 2026-08-16
Pibac/culto de domingo/11/AKZ07739.jpg,Pibac/06_MEDIA/fotos/originais/2026-08-16-culto-celebracao/AKZ07739.jpg,separado da pasta 11 pela data 2026-08-16
Pibac/culto de domingo/11/AKZ07743.jpg,Pibac/06_MEDIA/fotos/originais/2026-08-16-culto-celebracao/AKZ07743.jpg,separado da pasta 11 pela data 2026-08-16
Pibac/culto de domingo/11/AKZ07747.jpg,Pibac/06_MEDIA/fotos/originais/2026-08-16-culto-celebracao/AKZ07747.jpg,separado da pasta 11 pela data 2026-08-16
Pibac/culto de domingo/11/AKZ07748.jpg,Pibac/06_MEDIA/fotos/originais/2026-08-16-culto-celebracao/AKZ07748.jpg,separado da pasta 11 pela data 2026-08-16
Pibac/culto de domingo/11/AKZ07749.jpg,Pibac/06_MEDIA/fotos/originais/2026-08-16-culto-celebracao/AKZ07749.jpg,separado da pasta 11 pela data 2026-08-16
Pibac/culto de domingo/11/AKZ07750.jpg,Pibac/06_MEDIA/fotos/originais/2026-08-16-culto-celebracao/AKZ07750.jpg,separado da pasta 11 pela data 2026-08-16
Pibac/culto de domingo/11/AKZ07751.jpg,Pibac/06_MEDIA/fotos/originais/2026-08-16-culto-celebracao/AKZ07751.jpg,separado da pasta 11 pela data 2026-08-16
Pibac/culto de domingo/11/AKZ07752.jpg,Pibac/06_MEDIA/fotos/originais/2026-08-16-culto-celebracao/AKZ07752.jpg,separado da pasta 11 pela data 2026-08-16
Pibac/culto de domingo/11/AKZ07753.jpg,Pibac/06_MEDIA/fotos/originais/2026-08-16-culto-celebracao/AKZ07753.jpg,separado da pasta 11 pela data 2026-08-16
Pibac/culto de domingo/11/AKZ07754.jpg,Pibac/06_MEDIA/fotos/originais/2026-08-16-culto-celebracao/AKZ07754.jpg,separado da pasta 11 pela data 2026-08-16
Pibac/culto de domingo/11/AKZ07755.jpg,Pibac/06_MEDIA/fotos/originais/2026-08-16-culto-celebracao/AKZ07755.jpg,separado da pasta 11 pela data 2026-08-16
Pibac/culto de domingo/11/AKZ07757.jpg,Pibac/06_MEDIA/fotos/originais/2026-08-16-culto-celebracao/AKZ07757.jpg,separado da pasta 11 pela data 2026-08-16
Pibac/culto de domingo/11/AKZ07759.jpg,Pibac/06_MEDIA/fotos/originais/2026-08-16-culto-celebracao/AKZ07759.jpg,separado da pasta 11 pela data 2026-08-16
Pibac/culto de domingo/11/AKZ07760.jpg,Pibac/06_MEDIA/fotos/originais/2026-08-16-culto-celebracao/AKZ07760.jpg,separado da pasta 11 pela data 2026-08-16
Pibac/culto de domingo/11/AKZ07761.jpg,Pibac/06_MEDIA/fotos/originais/2026-08-16-culto-celebracao/AKZ07761.jpg,separado da pasta 11 pela data 2026-08-16
Pibac/culto de domingo/11/AKZ07762.jpg,Pibac/06_MEDIA/fotos/originais/2026-08-16-culto-celebracao/AKZ07762.jpg,separado da pasta 11 pela data 2026-08-16
Pibac/culto de domingo/11/AKZ07763.jpg,Pibac/06_MEDIA/fotos/originais/2026-08-16-culto-celebracao/AKZ07763.jpg,separado da pasta 11 pela data 2026-08-16
Pibac/culto de domingo/11/AKZ07764.jpg,Pibac/06_MEDIA/fotos/originais/2026-08-16-culto-celebracao/AKZ07764.jpg,separado da pasta 11 pela data 2026-08-16
Pibac/culto de domingo/11/AKZ07765.jpg,Pibac/06_MEDIA/fotos/originais/2026-08-16-culto-celebracao/AKZ07765.jpg,separado da pasta 11 pela data 2026-08-16
Pibac/culto de domingo/11/AKZ07766.jpg,Pibac/06_MEDIA/fotos/originais/2026-08-16-culto-celebracao/AKZ07766.jpg,separado da pasta 11 pela data 2026-08-16
Pibac/culto de domingo/11/AKZ07771.jpg,Pibac/06_MEDIA/fotos/originais/2026-08-16-culto-celebracao/AKZ07771.jpg,separado da pasta 11 pela data 2026-08-16
Pibac/culto de domingo/11/AKZ07772.jpg,Pibac/06_MEDIA/fotos/originais/2026-08-16-culto-celebracao/AKZ07772.jpg,separado da pasta 11 pela data 2026-08-16
Pibac/culto de domingo/11/AKZ07773.jpg,Pibac/06_MEDIA/fotos/originais/2026-08-16-culto-celebracao/AKZ07773.jpg,separado da pasta 11 pela data 2026-08-16
Pibac/culto de domingo/11/AKZ07774.jpg,Pibac/06_MEDIA/fotos/originais/2026-08-16-culto-celebracao/AKZ07774.jpg,separado da pasta 11 pela data 2026-08-16
Pibac/culto de domingo/11/AKZ07775.jpg,Pibac/06_MEDIA/fotos/originais/2026-08-16-culto-celebracao/AKZ07775.jpg,separado da pasta 11 pela data 2026-08-16
Pibac/culto de domingo/11/AKZ07776.jpg,Pibac/06_MEDIA/fotos/originais/2026-08-16-culto-celebracao/AKZ07776.jpg,separado da pasta 11 pela data 2026-08-16
Pibac/culto de domingo/11/AKZ07777.jpg,Pibac/06_MEDIA/fotos/originais/2026-08-16-culto-celebracao/AKZ07777.jpg,separado da pasta 11 pela data 2026-08-16
Pibac/culto de domingo/11/AKZ07779.jpg,Pibac/06_MEDIA/fotos/originais/2026-08-16-culto-celebracao/AKZ07779.jpg,separado da pasta 11 pela data 2026-08-16
Pibac/culto de domingo/11/AKZ07780.jpg,Pibac/06_MEDIA/fotos/originais/2026-08-16-culto-celebracao/AKZ07780.jpg,separado da pasta 11 pela data 2026-08-16
Pibac/culto de domingo/11/AKZ07785.jpg,Pibac/06_MEDIA/fotos/originais/2026-08-16-culto-celebracao/AKZ07785.jpg,separado da pasta 11 pela data 2026-08-16
Pibac/culto de domingo/11/AKZ07786.jpg,Pibac/06_MEDIA/fotos/originais/2026-08-16-culto-celebracao/AKZ07786.jpg,separado da pasta 11 pela data 2026-08-16
Pibac/culto de domingo/11/AKZ07788.jpg,Pibac/06_MEDIA/fotos/originais/2026-08-16-culto-celebracao/AKZ07788.jpg,separado da pasta 11 pela data 2026-08-16
Pibac/culto de domingo/11/AKZ07790.jpg,Pibac/06_MEDIA/fotos/originais/2026-08-16-culto-celebracao/AKZ07790.jpg,separado da pasta 11 pela data 2026-08-16
Pibac/culto de domingo/11/AKZ07791.jpg,Pibac/06_MEDIA/fotos/originais/2026-08-16-culto-celebracao/AKZ07791.jpg,separado da pasta 11 pela data 2026-08-16
Pibac/culto de domingo/11/AKZ07793.jpg,Pibac/06_MEDIA/fotos/originais/2026-08-16-culto-celebracao/AKZ07793.jpg,separado da pasta 11 pela data 2026-08-16
Pibac/culto de domingo/11/AKZ07794.jpg,Pibac/06_MEDIA/fotos/originais/2026-08-16-culto-celebracao/AKZ07794.jpg,separado da pasta 11 pela data 2026-08-16
Pibac/culto de domingo/11/AKZ07795.jpg,Pibac/06_MEDIA/fotos/originais/2026-08-16-culto-celebracao/AKZ07795.jpg,separado da pasta 11 pela data 2026-08-16
Pibac/culto de domingo/11/AKZ07798.jpg,Pibac/06_MEDIA/fotos/originais/2026-08-16-culto-celebracao/AKZ07798.jpg,separado da pasta 11 pela data 2026-08-16
Pibac/culto de domingo/11/AKZ07800.jpg,Pibac/06_MEDIA/fotos/originais/2026-08-16-culto-celebracao/AKZ07800.jpg,separado da pasta 11 pela data 2026-08-16
Pibac/culto de domingo/11/AKZ07801.jpg,Pibac/06_MEDIA/fotos/originais/2026-08-16-culto-celebracao/AKZ07801.jpg,separado da pasta 11 pela data 2026-08-16
Pibac/culto de domingo/11/AKZ07802.jpg,Pibac/06_MEDIA/fotos/originais/2026-08-16-culto-celebracao/AKZ07802.jpg,separado da pasta 11 pela data 2026-08-16
Pibac/culto de domingo/11/AKZ07803.jpg,Pibac/06_MEDIA/fotos/originais/2026-08-16-culto-celebracao/AKZ07803.jpg,separado da pasta 11 pela data 2026-08-16
Pibac/culto de domingo/11/AKZ07804.jpg,Pibac/06_MEDIA/fotos/originais/2026-08-16-culto-celebracao/AKZ07804.jpg,separado da pasta 11 pela data 2026-08-16
Pibac/culto de domingo/11/AKZ07805.jpg,Pibac/06_MEDIA/fotos/originais/2026-08-16-culto-celebracao/AKZ07805.jpg,separado da pasta 11 pela data 2026-08-16
Pibac/culto de domingo/11/AKZ07806.jpg,Pibac/06_MEDIA/fotos/originais/2026-08-16-culto-celebracao/AKZ07806.jpg,separado da pasta 11 pela data 2026-08-16
Pibac/culto de domingo/11/AKZ07808.jpg,Pibac/06_MEDIA/fotos/originais/2026-08-16-culto-celebracao/AKZ07808.jpg,separado da pasta 11 pela data 2026-08-16
Pibac/culto de domingo/11/AKZ07809.jpg,Pibac/06_MEDIA/fotos/originais/2026-08-16-culto-celebracao/AKZ07809.jpg,separado da pasta 11 pela data 2026-08-16
Pibac/culto de domingo/11/AKZ07813.jpg,Pibac/06_MEDIA/fotos/originais/2026-08-16-culto-celebracao/AKZ07813.jpg,separado da pasta 11 pela data 2026-08-16
Pibac/culto de domingo/11/AKZ07814.jpg,Pibac/06_MEDIA/fotos/originais/2026-08-16-culto-celebracao/AKZ07814.jpg,separado da pasta 11 pela data 2026-08-16
Pibac/culto de domingo/11/AKZ07815.jpg,Pibac/06_MEDIA/fotos/originais/2026-08-16-culto-celebracao/AKZ07815.jpg,separado da pasta 11 pela data 2026-08-16
Pibac/culto de domingo/11/AKZ07817.jpg,Pibac/06_MEDIA/fotos/originais/2026-08-16-culto-celebracao/AKZ07817.jpg,separado da pasta 11 pela data 2026-08-16
Pibac/culto de domingo/11/AKZ07818.jpg,Pibac/06_MEDIA/fotos/originais/2026-08-16-culto-celebracao/AKZ07818.jpg,separado da pasta 11 pela data 2026-08-16
Pibac/culto de domingo/11/AKZ07820.jpg,Pibac/06_MEDIA/fotos/originais/2026-08-16-culto-celebracao/AKZ07820.jpg,separado da pasta 11 pela data 2026-08-16
Pibac/culto de domingo/11/AKZ07821.jpg,Pibac/06_MEDIA/fotos/originais/2026-08-16-culto-celebracao/AKZ07821.jpg,separado da pasta 11 pela data 2026-08-16
Pibac/culto de domingo/11/AKZ07822.jpg,Pibac/06_MEDIA/fotos/originais/2026-08-16-culto-celebracao/AKZ07822.jpg,separado da pasta 11 pela data 2026-08-16
Pibac/culto de domingo/11/AKZ07830.jpg,Pibac/06_MEDIA/fotos/originais/2026-08-16-culto-celebracao/AKZ07830.jpg,separado da pasta 11 pela data 2026-08-16
Pibac/culto de domingo/11/AKZ07831.jpg,Pibac/06_MEDIA/fotos/originais/2026-08-16-culto-celebracao/AKZ07831.jpg,separado da pasta 11 pela data 2026-08-16
Pibac/culto de domingo/11/AKZ07832.jpg,Pibac/06_MEDIA/fotos/originais/2026-08-16-culto-celebracao/AKZ07832.jpg,separado da pasta 11 pela data 2026-08-16
Pibac/culto de domingo/11/AKZ07833.jpg,Pibac/06_MEDIA/fotos/originais/2026-08-16-culto-celebracao/AKZ07833.jpg,separado da pasta 11 pela data 2026-08-16
Pibac/culto de domingo/11/AKZ07836.jpg,Pibac/06_MEDIA/fotos/originais/2026-08-16-culto-celebracao/AKZ07836.jpg,separado da pasta 11 pela data 2026-08-16
Pibac/culto de domingo/11/AKZ07838.jpg,Pibac/06_MEDIA/fotos/originais/2026-08-16-culto-celebracao/AKZ07838.jpg,separado da pasta 11 pela data 2026-08-16
Pibac/culto de domingo/11/AKZ07843.jpg,Pibac/06_MEDIA/fotos/originais/2026-08-16-culto-celebracao/AKZ07843.jpg,separado da pasta 11 pela data 2026-08-16
Pibac/culto de domingo/11/AKZ07844.jpg,Pibac/06_MEDIA/fotos/originais/2026-08-16-culto-celebracao/AKZ07844.jpg,separado da pasta 11 pela data 2026-08-16
Pibac/culto de domingo/11/AKZ07845.jpg,Pibac/06_MEDIA/fotos/originais/2026-08-16-culto-celebracao/AKZ07845.jpg,separado da pasta 11 pela data 2026-08-16
Pibac/culto de domingo/11/AKZ07846.jpg,Pibac/06_MEDIA/fotos/originais/2026-08-16-culto-celebracao/AKZ07846.jpg,separado da pasta 11 pela data 2026-08-16
Pibac/culto de domingo/11/AKZ07849.jpg,Pibac/06_MEDIA/fotos/originais/2026-08-16-culto-celebracao/AKZ07849.jpg,separado da pasta 11 pela data 2026-08-16
Pibac/culto de domingo/11/AKZ07854.jpg,Pibac/06_MEDIA/fotos/originais/2026-08-16-culto-celebracao/AKZ07854.jpg,separado da pasta 11 pela data 2026-08-16
Pibac/culto de domingo/11/AKZ07857.jpg,Pibac/06_MEDIA/fotos/originais/2026-08-16-culto-celebracao/AKZ07857.jpg,separado da pasta 11 pela data 2026-08-16
Pibac/culto de domingo/11/AKZ07860.jpg,Pibac/06_MEDIA/fotos/originais/2026-08-16-culto-celebracao/AKZ07860.jpg,separado da pasta 11 pela data 2026-08-16
Pibac/culto de domingo/11/AKZ07863.jpg,Pibac/06_MEDIA/fotos/originais/2026-08-16-culto-celebracao/AKZ07863.jpg,separado da pasta 11 pela data 2026-08-16
Pibac/culto de domingo/11/AKZ07864.jpg,Pibac/06_MEDIA/fotos/originais/2026-08-16-culto-celebracao/AKZ07864.jpg,separado da pasta 11 pela data 2026-08-16
Pibac/culto de domingo/11/AKZ07866.jpg,Pibac/06_MEDIA/fotos/originais/2026-08-16-culto-celebracao/AKZ07866.jpg,separado da pasta 11 pela data 2026-08-16
Pibac/culto de domingo/11/AKZ07870.jpg,Pibac/06_MEDIA/fotos/originais/2026-08-16-culto-celebracao/AKZ07870.jpg,separado da pasta 11 pela data 2026-08-16
Pibac/culto de domingo/11/AKZ07871.jpg,Pibac/06_MEDIA/fotos/originais/2026-08-16-culto-celebracao/AKZ07871.jpg,separado da pasta 11 pela data 2026-08-16
Pibac/culto de domingo/11/AKZ07877.jpg,Pibac/06_MEDIA/fotos/originais/2026-08-16-culto-celebracao/AKZ07877.jpg,separado da pasta 11 pela data 2026-08-16
Pibac/culto de domingo/11/AKZ07880.jpg,Pibac/06_MEDIA/fotos/originais/2026-08-16-culto-celebracao/AKZ07880.jpg,separado da pasta 11 pela data 2026-08-16
Pibac/culto de domingo/11/AKZ07881.jpg,Pibac/06_MEDIA/fotos/originais/2026-08-16-culto-celebracao/AKZ07881.jpg,separado da pasta 11 pela data 2026-08-16
Pibac/culto de domingo/11/AKZ07882.jpg,Pibac/06_MEDIA/fotos/originais/2026-08-16-culto-celebracao/AKZ07882.jpg,separado da pasta 11 pela data 2026-08-16
Pibac/culto de domingo/11/AKZ07883.jpg,Pibac/06_MEDIA/fotos/originais/2026-08-16-culto-celebracao/AKZ07883.jpg,separado da pasta 11 pela data 2026-08-16
Pibac/culto de domingo/11/AKZ07884.jpg,Pibac/06_MEDIA/fotos/originais/2026-08-16-culto-celebracao/AKZ07884.jpg,separado da pasta 11 pela data 2026-08-16
Pibac/culto de domingo/11/AKZ07886.jpg,Pibac/06_MEDIA/fotos/originais/2026-08-16-culto-celebracao/AKZ07886.jpg,separado da pasta 11 pela data 2026-08-16
Pibac/culto de domingo/11/AKZ07893.jpg,Pibac/06_MEDIA/fotos/originais/2026-08-16-culto-celebracao/AKZ07893.jpg,separado da pasta 11 pela data 2026-08-16
Pibac/culto de domingo/11/AKZ07895.jpg,Pibac/06_MEDIA/fotos/originais/2026-08-16-culto-celebracao/AKZ07895.jpg,separado da pasta 11 pela data 2026-08-16
Pibac/culto de domingo/11/AKZ07897.jpg,Pibac/06_MEDIA/fotos/originais/2026-08-16-culto-celebracao/AKZ07897.jpg,separado da pasta 11 pela data 2026-08-16
Pibac/culto de domingo/11/AKZ07899.jpg,Pibac/06_MEDIA/fotos/originais/2026-08-16-culto-celebracao/AKZ07899.jpg,separado da pasta 11 pela data 2026-08-16
Pibac/culto de domingo/11/AKZ07900.jpg,Pibac/06_MEDIA/fotos/originais/2026-08-16-culto-celebracao/AKZ07900.jpg,separado da pasta 11 pela data 2026-08-16
Pibac/culto de domingo/11/AKZ07902.jpg,Pibac/06_MEDIA/fotos/originais/2026-08-16-culto-celebracao/AKZ07902.jpg,separado da pasta 11 pela data 2026-08-16
Pibac/culto de domingo/11/AKZ07907.jpg,Pibac/06_MEDIA/fotos/originais/2026-08-16-culto-celebracao/AKZ07907.jpg,separado da pasta 11 pela data 2026-08-16
Pibac/culto de domingo/11/AKZ07910.jpg,Pibac/06_MEDIA/fotos/originais/2026-08-16-culto-celebracao/AKZ07910.jpg,separado da pasta 11 pela data 2026-08-16
Pibac/culto de domingo/11/AKZ07911.jpg,Pibac/06_MEDIA/fotos/originais/2026-08-16-culto-celebracao/AKZ07911.jpg,separado da pasta 11 pela data 2026-08-16
Pibac/culto de domingo/11/AKZ07913.jpg,Pibac/06_MEDIA/fotos/originais/2026-08-16-culto-celebracao/AKZ07913.jpg,separado da pasta 11 pela data 2026-08-16
Pibac/culto de domingo/11/AKZ07914.jpg,Pibac/06_MEDIA/fotos/originais/2026-08-16-culto-celebracao/AKZ07914.jpg,separado da pasta 11 pela data 2026-08-16
Pibac/culto de domingo/11/AKZ07916.jpg,Pibac/06_MEDIA/fotos/originais/2026-08-16-culto-celebracao/AKZ07916.jpg,separado da pasta 11 pela data 2026-08-16
Pibac/culto de domingo/11/AKZ07917.jpg,Pibac/06_MEDIA/fotos/originais/2026-08-16-culto-celebracao/AKZ07917.jpg,separado da pasta 11 pela data 2026-08-16
Pibac/culto de domingo/11/AKZ07918.jpg,Pibac/06_MEDIA/fotos/originais/2026-08-16-culto-celebracao/AKZ07918.jpg,separado da pasta 11 pela data 2026-08-16
Pibac/culto de domingo/11/AKZ07919.jpg,Pibac/06_MEDIA/fotos/originais/2026-08-16-culto-celebracao/AKZ07919.jpg,separado da pasta 11 pela data 2026-08-16
Pibac/culto de domingo/11/AKZ07920.jpg,Pibac/06_MEDIA/fotos/originais/2026-08-16-culto-celebracao/AKZ07920.jpg,separado da pasta 11 pela data 2026-08-16
Pibac/culto de domingo/11/AKZ07923.jpg,Pibac/06_MEDIA/fotos/originais/2026-08-16-culto-celebracao/AKZ07923.jpg,separado da pasta 11 pela data 2026-08-16
Pibac/culto de domingo/11/AKZ07924.jpg,Pibac/06_MEDIA/fotos/originais/2026-08-16-culto-celebracao/AKZ07924.jpg,separado da pasta 11 pela data 2026-08-16
Pibac/culto de domingo/11/AKZ07925.jpg,Pibac/06_MEDIA/fotos/originais/2026-08-16-culto-celebracao/AKZ07925.jpg,separado da pasta 11 pela data 2026-08-16
Pibac/culto de domingo/11/AKZ07927.jpg,Pibac/06_MEDIA/fotos/originais/2026-08-16-culto-celebracao/AKZ07927.jpg,separado da pasta 11 pela data 2026-08-16
Pibac/culto de domingo/11/AKZ07931.jpg,Pibac/06_MEDIA/fotos/originais/2026-08-16-culto-celebracao/AKZ07931.jpg,separado da pasta 11 pela data 2026-08-16
Pibac/culto de domingo/11/AKZ07933.jpg,Pibac/06_MEDIA/fotos/originais/2026-08-16-culto-celebracao/AKZ07933.jpg,separado da pasta 11 pela data 2026-08-16
Pibac/culto de domingo/11/AKZ07934.jpg,Pibac/06_MEDIA/fotos/originais/2026-08-16-culto-celebracao/AKZ07934.jpg,separado da pasta 11 pela data 2026-08-16
Pibac/culto de domingo/11/AKZ07937.jpg,Pibac/06_MEDIA/fotos/originais/2026-08-16-culto-celebracao/AKZ07937.jpg,separado da pasta 11 pela data 2026-08-16
Pibac/culto de domingo/11/AKZ07939.jpg,Pibac/06_MEDIA/fotos/originais/2026-08-16-culto-celebracao/AKZ07939.jpg,separado da pasta 11 pela data 2026-08-16
Pibac/culto de domingo/11/AKZ07941.jpg,Pibac/06_MEDIA/fotos/originais/2026-08-16-culto-celebracao/AKZ07941.jpg,separado da pasta 11 pela data 2026-08-16
Pibac/culto de domingo/11/AKZ07943.jpg,Pibac/06_MEDIA/fotos/originais/2026-08-16-culto-celebracao/AKZ07943.jpg,separado da pasta 11 pela data 2026-08-16
Pibac/culto de domingo/11/AKZ07944.jpg,Pibac/06_MEDIA/fotos/originais/2026-08-16-culto-celebracao/AKZ07944.jpg,separado da pasta 11 pela data 2026-08-16
Pibac/culto de domingo/11/AKZ07945.jpg,Pibac/06_MEDIA/fotos/originais/2026-08-16-culto-celebracao/AKZ07945.jpg,separado da pasta 11 pela data 2026-08-16
Pibac/culto de domingo/11/AKZ07946.jpg,Pibac/06_MEDIA/fotos/originais/2026-08-16-culto-celebracao/AKZ07946.jpg,separado da pasta 11 pela data 2026-08-16
Pibac/culto de domingo/11/AKZ07947.jpg,Pibac/06_MEDIA/fotos/originais/2026-08-16-culto-celebracao/AKZ07947.jpg,separado da pasta 11 pela data 2026-08-16
Pibac/culto de domingo/11/AKZ07948.jpg,Pibac/06_MEDIA/fotos/originais/2026-08-16-culto-celebracao/AKZ07948.jpg,separado da pasta 11 pela data 2026-08-16
Pibac/culto de domingo/11/AKZ07949.jpg,Pibac/06_MEDIA/fotos/originais/2026-08-16-culto-celebracao/AKZ07949.jpg,separado da pasta 11 pela data 2026-08-16
Pibac/culto de domingo/11/AKZ07950.jpg,Pibac/06_MEDIA/fotos/originais/2026-08-16-culto-celebracao/AKZ07950.jpg,separado da pasta 11 pela data 2026-08-16
Pibac/culto de domingo/11/AKZ07951.jpg,Pibac/06_MEDIA/fotos/originais/2026-08-16-culto-celebracao/AKZ07951.jpg,separado da pasta 11 pela data 2026-08-16
Pibac/culto de domingo/11/AKZ07952.jpg,Pibac/06_MEDIA/fotos/originais/2026-08-16-culto-celebracao/AKZ07952.jpg,separado da pasta 11 pela data 2026-08-16
Pibac/culto de domingo/11/AKZ07954.jpg,Pibac/06_MEDIA/fotos/originais/2026-08-16-culto-celebracao/AKZ07954.jpg,separado da pasta 11 pela data 2026-08-16
Pibac/culto de domingo/11/AKZ07955.jpg,Pibac/06_MEDIA/fotos/originais/2026-08-16-culto-celebracao/AKZ07955.jpg,separado da pasta 11 pela data 2026-08-16
Pibac/culto de domingo/11/AKZ07957.jpg,Pibac/06_MEDIA/fotos/originais/2026-08-16-culto-celebracao/AKZ07957.jpg,separado da pasta 11 pela data 2026-08-16
Pibac/culto de domingo/11/AKZ07958.jpg,Pibac/06_MEDIA/fotos/originais/2026-08-16-culto-celebracao/AKZ07958.jpg,separado da pasta 11 pela data 2026-08-16
Pibac/culto de domingo/11/AKZ07959.jpg,Pibac/06_MEDIA/fotos/originais/2026-08-16-culto-celebracao/AKZ07959.jpg,separado da pasta 11 pela data 2026-08-16
Pibac/culto de domingo/11/AKZ07960.jpg,Pibac/06_MEDIA/fotos/originais/2026-08-16-culto-celebracao/AKZ07960.jpg,separado da pasta 11 pela data 2026-08-16
Pibac/culto de domingo/11/AKZ07961.jpg,Pibac/06_MEDIA/fotos/originais/2026-08-16-culto-celebracao/AKZ07961.jpg,separado da pasta 11 pela data 2026-08-16
Pibac/culto de domingo/11/AKZ07963.jpg,Pibac/06_MEDIA/fotos/originais/2026-08-16-culto-celebracao/AKZ07963.jpg,separado da pasta 11 pela data 2026-08-16
Pibac/culto de domingo/11/AKZ07964.jpg,Pibac/06_MEDIA/fotos/originais/2026-08-16-culto-celebracao/AKZ07964.jpg,separado da pasta 11 pela data 2026-08-16
Pibac/culto de domingo/11/AKZ07965.jpg,Pibac/06_MEDIA/fotos/originais/2026-08-16-culto-celebracao/AKZ07965.jpg,separado da pasta 11 pela data 2026-08-16
Pibac/culto de domingo/11/AKZ07967.jpg,Pibac/06_MEDIA/fotos/originais/2026-08-16-culto-celebracao/AKZ07967.jpg,separado da pasta 11 pela data 2026-08-16
Pibac/culto de domingo/11/AKZ07969.jpg,Pibac/06_MEDIA/fotos/originais/2026-08-16-culto-celebracao/AKZ07969.jpg,separado da pasta 11 pela data 2026-08-16
Pibac/culto de domingo/11/AKZ07970.jpg,Pibac/06_MEDIA/fotos/originais/2026-08-16-culto-celebracao/AKZ07970.jpg,separado da pasta 11 pela data 2026-08-16
Pibac/culto de domingo/11/AKZ07971.jpg,Pibac/06_MEDIA/fotos/originais/2026-08-16-culto-celebracao/AKZ07971.jpg,separado da pasta 11 pela data 2026-08-16
Pibac/culto de domingo/11/AKZ07972.jpg,Pibac/06_MEDIA/fotos/originais/2026-08-16-culto-celebracao/AKZ07972.jpg,separado da pasta 11 pela data 2026-08-16
Pibac/culto de domingo/11/AKZ07974.jpg,Pibac/06_MEDIA/fotos/originais/2026-08-16-culto-celebracao/AKZ07974.jpg,separado da pasta 11 pela data 2026-08-16
Pibac/culto de domingo/11/AKZ07975.jpg,Pibac/06_MEDIA/fotos/originais/2026-08-16-culto-celebracao/AKZ07975.jpg,separado da pasta 11 pela data 2026-08-16
Pibac/culto de domingo/11/AKZ07977.jpg,Pibac/06_MEDIA/fotos/originais/2026-08-16-culto-celebracao/AKZ07977.jpg,separado da pasta 11 pela data 2026-08-16
Pibac/culto de domingo/11/AKZ07978.jpg,Pibac/06_MEDIA/fotos/originais/2026-08-16-culto-celebracao/AKZ07978.jpg,separado da pasta 11 pela data 2026-08-16
Pibac/culto de domingo/11/AKZ07979.jpg,Pibac/06_MEDIA/fotos/originais/2026-08-16-culto-celebracao/AKZ07979.jpg,separado da pasta 11 pela data 2026-08-16
Pibac/culto de domingo/11/AKZ07980.jpg,Pibac/06_MEDIA/fotos/originais/2026-08-16-culto-celebracao/AKZ07980.jpg,separado da pasta 11 pela data 2026-08-16
Pibac/culto de domingo/11/AKZ07981.jpg,Pibac/06_MEDIA/fotos/originais/2026-08-16-culto-celebracao/AKZ07981.jpg,separado da pasta 11 pela data 2026-08-16
Pibac/culto de domingo/11/AKZ07986.jpg,Pibac/06_MEDIA/fotos/originais/2026-08-16-culto-celebracao/AKZ07986.jpg,separado da pasta 11 pela data 2026-08-16
Pibac/culto de domingo/11/AKZ07987.jpg,Pibac/06_MEDIA/fotos/originais/2026-08-16-culto-celebracao/AKZ07987.jpg,separado da pasta 11 pela data 2026-08-16
Pibac/culto de domingo/11/AKZ07989.jpg,Pibac/06_MEDIA/fotos/originais/2026-08-16-culto-celebracao/AKZ07989.jpg,separado da pasta 11 pela data 2026-08-16
Pibac/culto de domingo/11/AKZ07991.jpg,Pibac/06_MEDIA/fotos/originais/2026-08-16-culto-celebracao/AKZ07991.jpg,separado da pasta 11 pela data 2026-08-16
Pibac/culto de domingo/11/AKZ07992.jpg,Pibac/06_MEDIA/fotos/originais/2026-08-16-culto-celebracao/AKZ07992.jpg,separado da pasta 11 pela data 2026-08-16
Pibac/culto de domingo/11/AKZ07993.jpg,Pibac/06_MEDIA/fotos/originais/2026-08-16-culto-celebracao/AKZ07993.jpg,separado da pasta 11 pela data 2026-08-16
Pibac/culto de domingo/11/AKZ07995.jpg,Pibac/06_MEDIA/fotos/originais/2026-08-16-culto-celebracao/AKZ07995.jpg,separado da pasta 11 pela data 2026-08-16
Pibac/culto de domingo/11/AKZ07996.jpg,Pibac/06_MEDIA/fotos/originais/2026-08-16-culto-celebracao/AKZ07996.jpg,separado da pasta 11 pela data 2026-08-16
Pibac/culto de domingo/11/AKZ07998.jpg,Pibac/06_MEDIA/fotos/originais/2026-08-16-culto-celebracao/AKZ07998.jpg,separado da pasta 11 pela data 2026-08-16
Pibac/culto de domingo/Sem Título-1.png,Pibac/06_MEDIA/fotos/originais/_a-triar/_raiz-culto-de-domingo/Sem Título-1.png,"PNG solto, nome sem significado"
Pibac/culto de domingo/Sem Título-12png.png,Pibac/06_MEDIA/fotos/originais/_a-triar/_raiz-culto-de-domingo/Sem Título-12png.png,"PNG solto, nome sem significado"
Pibac/culto de domingo/sdasda.png,Pibac/06_MEDIA/fotos/originais/_a-triar/_raiz-culto-de-domingo/sdasda.png,"PNG solto, nome sem significado"
Pibac/culto de domingo/sdasdqa.png,Pibac/06_MEDIA/fotos/originais/_a-triar/_raiz-culto-de-domingo/sdasdqa.png,"PNG solto, nome sem significado"
Pibac/culto de domingo/zxaSXax.png,Pibac/06_MEDIA/fotos/originais/_a-triar/_raiz-culto-de-domingo/zxaSXax.png,"PNG solto, nome sem significado"
Pibac/culto de domingo/zxaSXaxsad.png,Pibac/06_MEDIA/fotos/originais/_a-triar/_raiz-culto-de-domingo/zxaSXaxsad.png,"PNG solto, nome sem significado"
Pibac/modelod para fotosdomingo.psd,Pibac/08_MASTERS/psd/modelo-fotos-domingo-v1.psd,"PSD de 175 MB: acima de 100 MB, vai para 08_MASTERS"
Pibac/Pibac_Missoes/Sem Título-1.png,Pibac/04_PRODUCTION/missoes/fontes/Sem Título-1.png,material de producao de Missoes
Pibac/Pibac_Missoes/molde_video.psd,Pibac/04_PRODUCTION/missoes/fontes/molde-video-missoes-v1.psd,material de producao de Missoes
Pibac/culto de domingo/DSC04997.jpg,Pibac/06_MEDIA/fotos/originais/2026-05-31-culto-celebracao/DSC04997.jpg,"solta na raiz; EXIF diz 31/05/2026, culto 18h10-20h22"
Pibac/culto de domingo/DSC05000.jpg,Pibac/06_MEDIA/fotos/originais/2026-05-31-culto-celebracao/DSC05000.jpg,"solta na raiz; EXIF diz 31/05/2026, culto 18h10-20h22"
Pibac/culto de domingo/DSC05005.jpg,Pibac/06_MEDIA/fotos/originais/2026-05-31-culto-celebracao/DSC05005.jpg,"solta na raiz; EXIF diz 31/05/2026, culto 18h10-20h22"
Pibac/culto de domingo/DSC05006.jpg,Pibac/06_MEDIA/fotos/originais/2026-05-31-culto-celebracao/DSC05006.jpg,"solta na raiz; EXIF diz 31/05/2026, culto 18h10-20h22"
Pibac/culto de domingo/DSC05009.jpg,Pibac/06_MEDIA/fotos/originais/2026-05-31-culto-celebracao/DSC05009.jpg,"solta na raiz; EXIF diz 31/05/2026, culto 18h10-20h22"
Pibac/culto de domingo/DSC05011.jpg,Pibac/06_MEDIA/fotos/originais/2026-05-31-culto-celebracao/DSC05011.jpg,"solta na raiz; EXIF diz 31/05/2026, culto 18h10-20h22"
Pibac/culto de domingo/DSC05012.jpg,Pibac/06_MEDIA/fotos/originais/2026-05-31-culto-celebracao/DSC05012.jpg,"solta na raiz; EXIF diz 31/05/2026, culto 18h10-20h22"
Pibac/culto de domingo/DSC05014.jpg,Pibac/06_MEDIA/fotos/originais/2026-05-31-culto-celebracao/DSC05014.jpg,"solta na raiz; EXIF diz 31/05/2026, culto 18h10-20h22"
Pibac/culto de domingo/DSC05015.jpg,Pibac/06_MEDIA/fotos/originais/2026-05-31-culto-celebracao/DSC05015.jpg,"solta na raiz; EXIF diz 31/05/2026, culto 18h10-20h22"
Pibac/culto de domingo/DSC05017.jpg,Pibac/06_MEDIA/fotos/originais/2026-05-31-culto-celebracao/DSC05017.jpg,"solta na raiz; EXIF diz 31/05/2026, culto 18h10-20h22"
Pibac/culto de domingo/DSC05018.jpg,Pibac/06_MEDIA/fotos/originais/2026-05-31-culto-celebracao/DSC05018.jpg,"solta na raiz; EXIF diz 31/05/2026, culto 18h10-20h22"
Pibac/culto de domingo/DSC05019.jpg,Pibac/06_MEDIA/fotos/originais/2026-05-31-culto-celebracao/DSC05019.jpg,"solta na raiz; EXIF diz 31/05/2026, culto 18h10-20h22"
Pibac/culto de domingo/DSC05020.jpg,Pibac/06_MEDIA/fotos/originais/2026-05-31-culto-celebracao/DSC05020.jpg,"solta na raiz; EXIF diz 31/05/2026, culto 18h10-20h22"
Pibac/culto de domingo/DSC05021.jpg,Pibac/06_MEDIA/fotos/originais/2026-05-31-culto-celebracao/DSC05021.jpg,"solta na raiz; EXIF diz 31/05/2026, culto 18h10-20h22"
Pibac/culto de domingo/DSC05022.jpg,Pibac/06_MEDIA/fotos/originais/2026-05-31-culto-celebracao/DSC05022.jpg,"solta na raiz; EXIF diz 31/05/2026, culto 18h10-20h22"
Pibac/culto de domingo/DSC05025.jpg,Pibac/06_MEDIA/fotos/originais/2026-05-31-culto-celebracao/DSC05025.jpg,"solta na raiz; EXIF diz 31/05/2026, culto 18h10-20h22"
Pibac/culto de domingo/DSC05026.jpg,Pibac/06_MEDIA/fotos/originais/2026-05-31-culto-celebracao/DSC05026.jpg,"solta na raiz; EXIF diz 31/05/2026, culto 18h10-20h22"
Pibac/culto de domingo/DSC05037.jpg,Pibac/06_MEDIA/fotos/originais/2026-05-31-culto-celebracao/DSC05037.jpg,"solta na raiz; EXIF diz 31/05/2026, culto 18h10-20h22"
Pibac/culto de domingo/DSC05038.jpg,Pibac/06_MEDIA/fotos/originais/2026-05-31-culto-celebracao/DSC05038.jpg,"solta na raiz; EXIF diz 31/05/2026, culto 18h10-20h22"
Pibac/culto de domingo/DSC05039.jpg,Pibac/06_MEDIA/fotos/originais/2026-05-31-culto-celebracao/DSC05039.jpg,"solta na raiz; EXIF diz 31/05/2026, culto 18h10-20h22"
Pibac/culto de domingo/DSC05041.jpg,Pibac/06_MEDIA/fotos/originais/2026-05-31-culto-celebracao/DSC05041.jpg,"solta na raiz; EXIF diz 31/05/2026, culto 18h10-20h22"
Pibac/culto de domingo/DSC05042.jpg,Pibac/06_MEDIA/fotos/originais/2026-05-31-culto-celebracao/DSC05042.jpg,"solta na raiz; EXIF diz 31/05/2026, culto 18h10-20h22"
Pibac/culto de domingo/DSC05048.jpg,Pibac/06_MEDIA/fotos/originais/2026-05-31-culto-celebracao/DSC05048.jpg,"solta na raiz; EXIF diz 31/05/2026, culto 18h10-20h22"
Pibac/culto de domingo/DSC05049.jpg,Pibac/06_MEDIA/fotos/originais/2026-05-31-culto-celebracao/DSC05049.jpg,"solta na raiz; EXIF diz 31/05/2026, culto 18h10-20h22"
Pibac/culto de domingo/DSC05050.jpg,Pibac/06_MEDIA/fotos/originais/2026-05-31-culto-celebracao/DSC05050.jpg,"solta na raiz; EXIF diz 31/05/2026, culto 18h10-20h22"
Pibac/culto de domingo/DSC05051.jpg,Pibac/06_MEDIA/fotos/originais/2026-05-31-culto-celebracao/DSC05051.jpg,"solta na raiz; EXIF diz 31/05/2026, culto 18h10-20h22"
Pibac/culto de domingo/DSC05052.jpg,Pibac/06_MEDIA/fotos/originais/2026-05-31-culto-celebracao/DSC05052.jpg,"solta na raiz; EXIF diz 31/05/2026, culto 18h10-20h22"
Pibac/culto de domingo/DSC05054.jpg,Pibac/06_MEDIA/fotos/originais/2026-05-31-culto-celebracao/DSC05054.jpg,"solta na raiz; EXIF diz 31/05/2026, culto 18h10-20h22"
Pibac/culto de domingo/DSC05055.jpg,Pibac/06_MEDIA/fotos/originais/2026-05-31-culto-celebracao/DSC05055.jpg,"solta na raiz; EXIF diz 31/05/2026, culto 18h10-20h22"
Pibac/culto de domingo/DSC05056.jpg,Pibac/06_MEDIA/fotos/originais/2026-05-31-culto-celebracao/DSC05056.jpg,"solta na raiz; EXIF diz 31/05/2026, culto 18h10-20h22"
Pibac/culto de domingo/DSC05059.jpg,Pibac/06_MEDIA/fotos/originais/2026-05-31-culto-celebracao/DSC05059.jpg,"solta na raiz; EXIF diz 31/05/2026, culto 18h10-20h22"
Pibac/culto de domingo/DSC05060.jpg,Pibac/06_MEDIA/fotos/originais/2026-05-31-culto-celebracao/DSC05060.jpg,"solta na raiz; EXIF diz 31/05/2026, culto 18h10-20h22"
Pibac/culto de domingo/DSC05067.jpg,Pibac/06_MEDIA/fotos/originais/2026-05-31-culto-celebracao/DSC05067.jpg,"solta na raiz; EXIF diz 31/05/2026, culto 18h10-20h22"
Pibac/culto de domingo/DSC05068.jpg,Pibac/06_MEDIA/fotos/originais/2026-05-31-culto-celebracao/DSC05068.jpg,"solta na raiz; EXIF diz 31/05/2026, culto 18h10-20h22"
Pibac/culto de domingo/DSC05069.jpg,Pibac/06_MEDIA/fotos/originais/2026-05-31-culto-celebracao/DSC05069.jpg,"solta na raiz; EXIF diz 31/05/2026, culto 18h10-20h22"
Pibac/culto de domingo/DSC05070.jpg,Pibac/06_MEDIA/fotos/originais/2026-05-31-culto-celebracao/DSC05070.jpg,"solta na raiz; EXIF diz 31/05/2026, culto 18h10-20h22"
Pibac/culto de domingo/DSC05071.jpg,Pibac/06_MEDIA/fotos/originais/2026-05-31-culto-celebracao/DSC05071.jpg,"solta na raiz; EXIF diz 31/05/2026, culto 18h10-20h22"
Pibac/culto de domingo/DSC05072.jpg,Pibac/06_MEDIA/fotos/originais/2026-05-31-culto-celebracao/DSC05072.jpg,"solta na raiz; EXIF diz 31/05/2026, culto 18h10-20h22"
Pibac/culto de domingo/DSC05073.jpg,Pibac/06_MEDIA/fotos/originais/2026-05-31-culto-celebracao/DSC05073.jpg,"solta na raiz; EXIF diz 31/05/2026, culto 18h10-20h22"
Pibac/culto de domingo/DSC05074.jpg,Pibac/06_MEDIA/fotos/originais/2026-05-31-culto-celebracao/DSC05074.jpg,"solta na raiz; EXIF diz 31/05/2026, culto 18h10-20h22"
Pibac/culto de domingo/DSC05075.jpg,Pibac/06_MEDIA/fotos/originais/2026-05-31-culto-celebracao/DSC05075.jpg,"solta na raiz; EXIF diz 31/05/2026, culto 18h10-20h22"
Pibac/culto de domingo/DSC05080.jpg,Pibac/06_MEDIA/fotos/originais/2026-05-31-culto-celebracao/DSC05080.jpg,"solta na raiz; EXIF diz 31/05/2026, culto 18h10-20h22"
Pibac/culto de domingo/DSC05084.jpg,Pibac/06_MEDIA/fotos/originais/2026-05-31-culto-celebracao/DSC05084.jpg,"solta na raiz; EXIF diz 31/05/2026, culto 18h10-20h22"
Pibac/culto de domingo/DSC05086.jpg,Pibac/06_MEDIA/fotos/originais/2026-05-31-culto-celebracao/DSC05086.jpg,"solta na raiz; EXIF diz 31/05/2026, culto 18h10-20h22"
Pibac/culto de domingo/DSC05087.jpg,Pibac/06_MEDIA/fotos/originais/2026-05-31-culto-celebracao/DSC05087.jpg,"solta na raiz; EXIF diz 31/05/2026, culto 18h10-20h22"
Pibac/culto de domingo/DSC05089.jpg,Pibac/06_MEDIA/fotos/originais/2026-05-31-culto-celebracao/DSC05089.jpg,"solta na raiz; EXIF diz 31/05/2026, culto 18h10-20h22"
Pibac/culto de domingo/DSC05090.jpg,Pibac/06_MEDIA/fotos/originais/2026-05-31-culto-celebracao/DSC05090.jpg,"solta na raiz; EXIF diz 31/05/2026, culto 18h10-20h22"
Pibac/culto de domingo/DSC05094.jpg,Pibac/06_MEDIA/fotos/originais/2026-05-31-culto-celebracao/DSC05094.jpg,"solta na raiz; EXIF diz 31/05/2026, culto 18h10-20h22"
Pibac/culto de domingo/DSC05099.jpg,Pibac/06_MEDIA/fotos/originais/2026-05-31-culto-celebracao/DSC05099.jpg,"solta na raiz; EXIF diz 31/05/2026, culto 18h10-20h22"
Pibac/culto de domingo/DSC05104.jpg,Pibac/06_MEDIA/fotos/originais/2026-05-31-culto-celebracao/DSC05104.jpg,"solta na raiz; EXIF diz 31/05/2026, culto 18h10-20h22"
Pibac/culto de domingo/DSC05106.jpg,Pibac/06_MEDIA/fotos/originais/2026-05-31-culto-celebracao/DSC05106.jpg,"solta na raiz; EXIF diz 31/05/2026, culto 18h10-20h22"
Pibac/culto de domingo/DSC05107.jpg,Pibac/06_MEDIA/fotos/originais/2026-05-31-culto-celebracao/DSC05107.jpg,"solta na raiz; EXIF diz 31/05/2026, culto 18h10-20h22"
Pibac/culto de domingo/DSC05108.jpg,Pibac/06_MEDIA/fotos/originais/2026-05-31-culto-celebracao/DSC05108.jpg,"solta na raiz; EXIF diz 31/05/2026, culto 18h10-20h22"
Pibac/culto de domingo/DSC05110.jpg,Pibac/06_MEDIA/fotos/originais/2026-05-31-culto-celebracao/DSC05110.jpg,"solta na raiz; EXIF diz 31/05/2026, culto 18h10-20h22"
Pibac/culto de domingo/DSC05124.jpg,Pibac/06_MEDIA/fotos/originais/2026-05-31-culto-celebracao/DSC05124.jpg,"solta na raiz; EXIF diz 31/05/2026, culto 18h10-20h22"
Pibac/culto de domingo/DSC05125.jpg,Pibac/06_MEDIA/fotos/originais/2026-05-31-culto-celebracao/DSC05125.jpg,"solta na raiz; EXIF diz 31/05/2026, culto 18h10-20h22"
Pibac/culto de domingo/DSC05126.jpg,Pibac/06_MEDIA/fotos/originais/2026-05-31-culto-celebracao/DSC05126.jpg,"solta na raiz; EXIF diz 31/05/2026, culto 18h10-20h22"
Pibac/culto de domingo/DSC05127.jpg,Pibac/06_MEDIA/fotos/originais/2026-05-31-culto-celebracao/DSC05127.jpg,"solta na raiz; EXIF diz 31/05/2026, culto 18h10-20h22"
Pibac/culto de domingo/DSC05128.jpg,Pibac/06_MEDIA/fotos/originais/2026-05-31-culto-celebracao/DSC05128.jpg,"solta na raiz; EXIF diz 31/05/2026, culto 18h10-20h22"
Pibac/culto de domingo/DSC05133.jpg,Pibac/06_MEDIA/fotos/originais/2026-05-31-culto-celebracao/DSC05133.jpg,"solta na raiz; EXIF diz 31/05/2026, culto 18h10-20h22"
Pibac/culto de domingo/DSC05134.jpg,Pibac/06_MEDIA/fotos/originais/2026-05-31-culto-celebracao/DSC05134.jpg,"solta na raiz; EXIF diz 31/05/2026, culto 18h10-20h22"
Pibac/culto de domingo/DSC05135.jpg,Pibac/06_MEDIA/fotos/originais/2026-05-31-culto-celebracao/DSC05135.jpg,"solta na raiz; EXIF diz 31/05/2026, culto 18h10-20h22"
Pibac/culto de domingo/DSC05136.jpg,Pibac/06_MEDIA/fotos/originais/2026-05-31-culto-celebracao/DSC05136.jpg,"solta na raiz; EXIF diz 31/05/2026, culto 18h10-20h22"
Pibac/culto de domingo/DSC05137.jpg,Pibac/06_MEDIA/fotos/originais/2026-05-31-culto-celebracao/DSC05137.jpg,"solta na raiz; EXIF diz 31/05/2026, culto 18h10-20h22"
Pibac/culto de domingo/DSC05138.jpg,Pibac/06_MEDIA/fotos/originais/2026-05-31-culto-celebracao/DSC05138.jpg,"solta na raiz; EXIF diz 31/05/2026, culto 18h10-20h22"
Pibac/culto de domingo/DSC05139.jpg,Pibac/06_MEDIA/fotos/originais/2026-05-31-culto-celebracao/DSC05139.jpg,"solta na raiz; EXIF diz 31/05/2026, culto 18h10-20h22"
Pibac/culto de domingo/DSC05141.jpg,Pibac/06_MEDIA/fotos/originais/2026-05-31-culto-celebracao/DSC05141.jpg,"solta na raiz; EXIF diz 31/05/2026, culto 18h10-20h22"
Pibac/culto de domingo/DSC05143.jpg,Pibac/06_MEDIA/fotos/originais/2026-05-31-culto-celebracao/DSC05143.jpg,"solta na raiz; EXIF diz 31/05/2026, culto 18h10-20h22"
Pibac/culto de domingo/DSC05145.jpg,Pibac/06_MEDIA/fotos/originais/2026-05-31-culto-celebracao/DSC05145.jpg,"solta na raiz; EXIF diz 31/05/2026, culto 18h10-20h22"
Pibac/culto de domingo/DSC05147.jpg,Pibac/06_MEDIA/fotos/originais/2026-05-31-culto-celebracao/DSC05147.jpg,"solta na raiz; EXIF diz 31/05/2026, culto 18h10-20h22"
Pibac/culto de domingo/DSC05158.jpg,Pibac/06_MEDIA/fotos/originais/2026-05-31-culto-celebracao/DSC05158.jpg,"solta na raiz; EXIF diz 31/05/2026, culto 18h10-20h22"
Pibac/culto de domingo/DSC05160.jpg,Pibac/06_MEDIA/fotos/originais/2026-05-31-culto-celebracao/DSC05160.jpg,"solta na raiz; EXIF diz 31/05/2026, culto 18h10-20h22"
Pibac/culto de domingo/DSC05166.jpg,Pibac/06_MEDIA/fotos/originais/2026-05-31-culto-celebracao/DSC05166.jpg,"solta na raiz; EXIF diz 31/05/2026, culto 18h10-20h22"
Pibac/culto de domingo/DSC05168.jpg,Pibac/06_MEDIA/fotos/originais/2026-05-31-culto-celebracao/DSC05168.jpg,"solta na raiz; EXIF diz 31/05/2026, culto 18h10-20h22"
Pibac/culto de domingo/DSC05176.jpg,Pibac/06_MEDIA/fotos/originais/2026-05-31-culto-celebracao/DSC05176.jpg,"solta na raiz; EXIF diz 31/05/2026, culto 18h10-20h22"
Pibac/culto de domingo/DSC05177.jpg,Pibac/06_MEDIA/fotos/originais/2026-05-31-culto-celebracao/DSC05177.jpg,"solta na raiz; EXIF diz 31/05/2026, culto 18h10-20h22"
Pibac/culto de domingo/DSC05178.jpg,Pibac/06_MEDIA/fotos/originais/2026-05-31-culto-celebracao/DSC05178.jpg,"solta na raiz; EXIF diz 31/05/2026, culto 18h10-20h22"
Pibac/culto de domingo/DSC05181.jpg,Pibac/06_MEDIA/fotos/originais/2026-05-31-culto-celebracao/DSC05181.jpg,"solta na raiz; EXIF diz 31/05/2026, culto 18h10-20h22"
Pibac/culto de domingo/DSC05182.jpg,Pibac/06_MEDIA/fotos/originais/2026-05-31-culto-celebracao/DSC05182.jpg,"solta na raiz; EXIF diz 31/05/2026, culto 18h10-20h22"
Pibac/culto de domingo/DSC05183.jpg,Pibac/06_MEDIA/fotos/originais/2026-05-31-culto-celebracao/DSC05183.jpg,"solta na raiz; EXIF diz 31/05/2026, culto 18h10-20h22"
Pibac/culto de domingo/DSC05187.jpg,Pibac/06_MEDIA/fotos/originais/2026-05-31-culto-celebracao/DSC05187.jpg,"solta na raiz; EXIF diz 31/05/2026, culto 18h10-20h22"
Pibac/culto de domingo/DSC05188.jpg,Pibac/06_MEDIA/fotos/originais/2026-05-31-culto-celebracao/DSC05188.jpg,"solta na raiz; EXIF diz 31/05/2026, culto 18h10-20h22"
Pibac/culto de domingo/DSC05190.jpg,Pibac/06_MEDIA/fotos/originais/2026-05-31-culto-celebracao/DSC05190.jpg,"solta na raiz; EXIF diz 31/05/2026, culto 18h10-20h22"
Pibac/culto de domingo/DSC05196.jpg,Pibac/06_MEDIA/fotos/originais/2026-05-31-culto-celebracao/DSC05196.jpg,"solta na raiz; EXIF diz 31/05/2026, culto 18h10-20h22"
Pibac/culto de domingo/DSC05197.jpg,Pibac/06_MEDIA/fotos/originais/2026-05-31-culto-celebracao/DSC05197.jpg,"solta na raiz; EXIF diz 31/05/2026, culto 18h10-20h22"
Pibac/culto de domingo/DSC05208.jpg,Pibac/06_MEDIA/fotos/originais/2026-05-31-culto-celebracao/DSC05208.jpg,"solta na raiz; EXIF diz 31/05/2026, culto 18h10-20h22"
Pibac/culto de domingo/DSC05225.jpg,Pibac/06_MEDIA/fotos/originais/2026-05-31-culto-celebracao/DSC05225.jpg,"solta na raiz; EXIF diz 31/05/2026, culto 18h10-20h22"
Pibac/culto de domingo/DSC05226.jpg,Pibac/06_MEDIA/fotos/originais/2026-05-31-culto-celebracao/DSC05226.jpg,"solta na raiz; EXIF diz 31/05/2026, culto 18h10-20h22"
Pibac/culto de domingo/DSC05227.jpg,Pibac/06_MEDIA/fotos/originais/2026-05-31-culto-celebracao/DSC05227.jpg,"solta na raiz; EXIF diz 31/05/2026, culto 18h10-20h22"
Pibac/culto de domingo/DSC05228.jpg,Pibac/06_MEDIA/fotos/originais/2026-05-31-culto-celebracao/DSC05228.jpg,"solta na raiz; EXIF diz 31/05/2026, culto 18h10-20h22"
Pibac/culto de domingo/DSC05229.jpg,Pibac/06_MEDIA/fotos/originais/2026-05-31-culto-celebracao/DSC05229.jpg,"solta na raiz; EXIF diz 31/05/2026, culto 18h10-20h22"
Pibac/culto de domingo/DSC05231.jpg,Pibac/06_MEDIA/fotos/originais/2026-05-31-culto-celebracao/DSC05231.jpg,"solta na raiz; EXIF diz 31/05/2026, culto 18h10-20h22"
Pibac/culto de domingo/DSC05233.jpg,Pibac/06_MEDIA/fotos/originais/2026-05-31-culto-celebracao/DSC05233.jpg,"solta na raiz; EXIF diz 31/05/2026, culto 18h10-20h22"
Pibac/culto de domingo/DSC05236.jpg,Pibac/06_MEDIA/fotos/originais/2026-05-31-culto-celebracao/DSC05236.jpg,"solta na raiz; EXIF diz 31/05/2026, culto 18h10-20h22"
Pibac/culto de domingo/DSC05238.jpg,Pibac/06_MEDIA/fotos/originais/2026-05-31-culto-celebracao/DSC05238.jpg,"solta na raiz; EXIF diz 31/05/2026, culto 18h10-20h22"
Pibac/culto de domingo/DSC05239.jpg,Pibac/06_MEDIA/fotos/originais/2026-05-31-culto-celebracao/DSC05239.jpg,"solta na raiz; EXIF diz 31/05/2026, culto 18h10-20h22"
Pibac/culto de domingo/DSC05240.jpg,Pibac/06_MEDIA/fotos/originais/2026-05-31-culto-celebracao/DSC05240.jpg,"solta na raiz; EXIF diz 31/05/2026, culto 18h10-20h22"
Pibac/culto de domingo/DSC05241.jpg,Pibac/06_MEDIA/fotos/originais/2026-05-31-culto-celebracao/DSC05241.jpg,"solta na raiz; EXIF diz 31/05/2026, culto 18h10-20h22"
Pibac/culto de domingo/DSC05245.jpg,Pibac/06_MEDIA/fotos/originais/2026-05-31-culto-celebracao/DSC05245.jpg,"solta na raiz; EXIF diz 31/05/2026, culto 18h10-20h22"
Pibac/culto de domingo/DSC05246.jpg,Pibac/06_MEDIA/fotos/originais/2026-05-31-culto-celebracao/DSC05246.jpg,"solta na raiz; EXIF diz 31/05/2026, culto 18h10-20h22"
Pibac/culto de domingo/DSC05247.jpg,Pibac/06_MEDIA/fotos/originais/2026-05-31-culto-celebracao/DSC05247.jpg,"solta na raiz; EXIF diz 31/05/2026, culto 18h10-20h22"
Pibac/culto de domingo/DSC05248.jpg,Pibac/06_MEDIA/fotos/originais/2026-05-31-culto-celebracao/DSC05248.jpg,"solta na raiz; EXIF diz 31/05/2026, culto 18h10-20h22"
Pibac/culto de domingo/DSC05251.jpg,Pibac/06_MEDIA/fotos/originais/2026-05-31-culto-celebracao/DSC05251.jpg,"solta na raiz; EXIF diz 31/05/2026, culto 18h10-20h22"
Pibac/culto de domingo/DSC05252.jpg,Pibac/06_MEDIA/fotos/originais/2026-05-31-culto-celebracao/DSC05252.jpg,"solta na raiz; EXIF diz 31/05/2026, culto 18h10-20h22"
Pibac/culto de domingo/DSC05253.jpg,Pibac/06_MEDIA/fotos/originais/2026-05-31-culto-celebracao/DSC05253.jpg,"solta na raiz; EXIF diz 31/05/2026, culto 18h10-20h22"
Pibac/culto de domingo/DSC05254.jpg,Pibac/06_MEDIA/fotos/originais/2026-05-31-culto-celebracao/DSC05254.jpg,"solta na raiz; EXIF diz 31/05/2026, culto 18h10-20h22"
Pibac/culto de domingo/DSC05257.jpg,Pibac/06_MEDIA/fotos/originais/2026-05-31-culto-celebracao/DSC05257.jpg,"solta na raiz; EXIF diz 31/05/2026, culto 18h10-20h22"
Pibac/culto de domingo/DSC05258.jpg,Pibac/06_MEDIA/fotos/originais/2026-05-31-culto-celebracao/DSC05258.jpg,"solta na raiz; EXIF diz 31/05/2026, culto 18h10-20h22"
Pibac/culto de domingo/DSC05259.jpg,Pibac/06_MEDIA/fotos/originais/2026-05-31-culto-celebracao/DSC05259.jpg,"solta na raiz; EXIF diz 31/05/2026, culto 18h10-20h22"
Pibac/culto de domingo/DSC05260.jpg,Pibac/06_MEDIA/fotos/originais/2026-05-31-culto-celebracao/DSC05260.jpg,"solta na raiz; EXIF diz 31/05/2026, culto 18h10-20h22"
Pibac/culto de domingo/DSC05263.jpg,Pibac/06_MEDIA/fotos/originais/2026-05-31-culto-celebracao/DSC05263.jpg,"solta na raiz; EXIF diz 31/05/2026, culto 18h10-20h22"
Pibac/culto de domingo/DSC05264.jpg,Pibac/06_MEDIA/fotos/originais/2026-05-31-culto-celebracao/DSC05264.jpg,"solta na raiz; EXIF diz 31/05/2026, culto 18h10-20h22"
Pibac/culto de domingo/DSC05265.jpg,Pibac/06_MEDIA/fotos/originais/2026-05-31-culto-celebracao/DSC05265.jpg,"solta na raiz; EXIF diz 31/05/2026, culto 18h10-20h22"
Pibac/culto de domingo/DSC05266.jpg,Pibac/06_MEDIA/fotos/originais/2026-05-31-culto-celebracao/DSC05266.jpg,"solta na raiz; EXIF diz 31/05/2026, culto 18h10-20h22"
Pibac/culto de domingo/DSC05269.jpg,Pibac/06_MEDIA/fotos/originais/2026-05-31-culto-celebracao/DSC05269.jpg,"solta na raiz; EXIF diz 31/05/2026, culto 18h10-20h22"
Pibac/culto de domingo/Casais/images,Pibac/06_MEDIA/fotos/originais/_a-triar/2026-08-casais/images,"export sem EXIF, origem a confirmar"
Pibac/06_MEDIA/fotos/originais/2026-08-15-a-confirmar,Pibac/06_MEDIA/fotos/originais/2026-08-15-missao-canada-familia-moises,identificado: sessao de envio missionario da familia do irmao Moises ao Canada
